Workbook

Sheet weather data
E1: Hday
A2: year | B2: jday | C2: high | D2: low | E2: mj/m2
A3: 40179 | B3: 1 | C3: -6.1111111 | D3: -20 | E3: 4.9911111
A4: 40180 | B4: 2 | C4: -8.8888889 | D4: -21.111111 | E4: 5.0022222
A5: 40181 | B5: 3 | C5: -14.444444 | D5: -25.555556 | E5: 5.4333333
A6: 40182 | B6: 4 | C6: -11.666667 | D6: -22.222222 | E6: 5.86
A7: 40183 | B7: 5 | C7: -8.3333333 | D7: -20 | E7: 5.8844444
A8: 40184 | B8: 6 | C8: -6.6666667 | D8: -18.888889 | E8: 5.9622222
A9: 40185 | B9: 7 | C9: -7.7777778 | D9: -17.222222 | E9: 6.1066667
A10: 40186 | B10: 8 | C10: -3.3333333 | D10: -9.4444444 | E10: 6.2755556
A11: 40187 | B11: 9 | C11: -8.3333333 | D11: -27.222222 | E11: 6.2377778
A12: 40188 | B12: 10 | C12: -8.8888889 | D12: -26.666667 | E12: 6.6755556
A13: 40189 | B13: 11 | C13: -8.3333333 | D13: -16.666667 | E13: 5.9155556
A14: 40190 | B14: 12 | C14: -3.3333333 | D14: -17.777778 | E14: 5.7666667
... A2436: 42612 | B2436: 244 | C2436: 28.333333 | D2436: 20 | E2436: 18.124444

Sheet user input
A2: Tbase,mn(corn) | B2: = | C2: 10 | D2: °C
A3: Tbase,mx(corn) | B3: = | C3: 30 | D3: °C
A4: PHU(corn) | B4: = | C4: 1200 | D4: HU
A5: plantdate(corn) | B5: = | C5: 121 | D5: jday
A6: harvest (corn) | B6: = | C6: 319 | D6: jday
A8: frPHU,1 (corn) | B8: = | C8: 0.15
A9: frPHU,2 (corn) | B9: = | C9: 0.5
A10: frLAI,1 (corn) | B10: = | C10: 0.05
A11: frLAI,2 (corn) | B11: = | C11: 0.95
A12: frPHU,sen (corn) | B12: = | C12: 0.9
B14: = | C14: =(LN((C8/C10)-C8)-LN((C9/C11)-C9))/(C9-C8) -> 13.385443
B15: = | C15: =LN((C8/C10)-C8)+C14*C8 -> 3.0551355
A17: LAImx (corn) | B17: = | C17: 3
B19: = | C19: 0.65
A21: RUE (corn) | B21: = | C21: 39

Sheet heat units
A2: year | B2: jday | C2: Thu,mx | D2: Thu,min | E2: Thu | F2: HU | G2: sumHU | H2: frPHU
A3: 40179 | B3: 1 | C3: =IF('weather data'!C3>'user input'!$C$3,'user input'!$C$3,'weather data'!C3) -> -6.1111111 | D3: =IF('weather data'!D3<'user input'!$C$2,'user input'!$C$2,'weather data'!D3) -> 10 | E3: =(C3+D3)/2 -> 1.9444444 | F3: =IF((E3-'user input'!$C$2)<0,0,E3-'user input'!$C$2) -> 0 | G3: =IF(B3<'user input'!$C$5,0,(F3+G2)) -> 0 | H3: =G3/'user input'!$C$4 -> 0
A4: 40180 | B4: 2 | C4: =IF('weather data'!C4>'user input'!$C$3,'user input'!$C$3,'weather data'!C4) -> -8.8888889 | D4: =IF('weather data'!D4<'user input'!$C$2,'user input'!$C$2,'weather data'!D4) -> 10 | E4: =(C4+D4)/2 -> 0.55555556 | F4: =IF((E4-'user input'!$C$2)<0,0,E4-'user input'!$C$2) -> 0 | G4: =IF(B4<'user input'!$C$5,0,(F4+G3)) -> 0 | H4: =G4/'user input'!$C$4 -> 0
A5: 40181 | B5: 3 | C5: =IF('weather data'!C5>'user input'!$C$3,'user input'!$C$3,'weather data'!C5) -> -14.444444 | D5: =IF('weather data'!D5<'user input'!$C$2,'user input'!$C$2,'weather data'!D5) -> 10 | E5: =(C5+D5)/2 -> -2.2222222 | F5: =IF((E5-'user input'!$C$2)<0,0,E5-'user input'!$C$2) -> 0 | G5: =IF(B5<'user input'!$C$5,0,(F5+G4)) -> 0 | H5: =G5/'user input'!$C$4 -> 0
A6: 40182 | B6: 4 | C6: =IF('weather data'!C6>'user input'!$C$3,'user input'!$C$3,'weather data'!C6) -> -11.666667 | D6: =IF('weather data'!D6<'user input'!$C$2,'user input'!$C$2,'weather data'!D6) -> 10 | E6: =(C6+D6)/2 -> -0.83333333 | F6: =IF((E6-'user input'!$C$2)<0,0,E6-'user input'!$C$2) -> 0 | G6: =IF(B6<'user input'!$C$5,0,(F6+G5)) -> 0 | H6: =G6/'user input'!$C$4 -> 0
A7: 40183 | B7: 5 | C7: =IF('weather data'!C7>'user input'!$C$3,'user input'!$C$3,'weather data'!C7) -> -8.3333333 | D7: =IF('weather data'!D7<'user input'!$C$2,'user input'!$C$2,'weather data'!D7) -> 10 | E7: =(C7+D7)/2 -> 0.83333333 | F7: =IF((E7-'user input'!$C$2)<0,0,E7-'user input'!$C$2) -> 0 | G7: =IF(B7<'user input'!$C$5,0,(F7+G6)) -> 0 | H7: =G7/'user input'!$C$4 -> 0
A8: 40184 | B8: 6 | C8: =IF('weather data'!C8>'user input'!$C$3,'user input'!$C$3,'weather data'!C8) -> -6.6666667 | D8: =IF('weather data'!D8<'user input'!$C$2,'user input'!$C$2,'weather data'!D8) -> 10 | E8: =(C8+D8)/2 -> 1.6666667 | F8: =IF((E8-'user input'!$C$2)<0,0,E8-'user input'!$C$2) -> 0 | G8: =IF(B8<'user input'!$C$5,0,(F8+G7)) -> 0 | H8: =G8/'user input'!$C$4 -> 0
A9: 40185 | B9: 7 | C9: =IF('weather data'!C9>'user input'!$C$3,'user input'!$C$3,'weather data'!C9) -> -7.7777778 | D9: =IF('weather data'!D9<'user input'!$C$2,'user input'!$C$2,'weather data'!D9) -> 10 | E9: =(C9+D9)/2 -> 1.1111111 | F9: =IF((E9-'user input'!$C$2)<0,0,E9-'user input'!$C$2) -> 0 | G9: =IF(B9<'user input'!$C$5,0,(F9+G8)) -> 0 | H9: =G9/'user input'!$C$4 -> 0
A10: 40186 | B10: 8 | C10: =IF('weather data'!C10>'user input'!$C$3,'user input'!$C$3,'weather data'!C10) -> -3.3333333 | D10: =IF('weather data'!D10<'user input'!$C$2,'user input'!$C$2,'weather data'!D10) -> 10 | E10: =(C10+D10)/2 -> 3.3333333 | F10: =IF((E10-'user input'!$C$2)<0,0,E10-'user input'!$C$2) -> 0 | G10: =IF(B10<'user input'!$C$5,0,(F10+G9)) -> 0 | H10: =G10/'user input'!$C$4 -> 0
A11: 40187 | B11: 9 | C11: =IF('weather data'!C11>'user input'!$C$3,'user input'!$C$3,'weather data'!C11) -> -8.3333333 | D11: =IF('weather data'!D11<'user input'!$C$2,'user input'!$C$2,'weather data'!D11) -> 10 | E11: =(C11+D11)/2 -> 0.83333333 | F11: =IF((E11-'user input'!$C$2)<0,0,E11-'user input'!$C$2) -> 0 | G11: =IF(B11<'user input'!$C$5,0,(F11+G10)) -> 0 | H11: =G11/'user input'!$C$4 -> 0
A12: 40188 | B12: 10 | C12: =IF('weather data'!C12>'user input'!$C$3,'user input'!$C$3,'weather data'!C12) -> -8.8888889 | D12: =IF('weather data'!D12<'user input'!$C$2,'user input'!$C$2,'weather data'!D12) -> 10 | E12: =(C12+D12)/2 -> 0.55555556 | F12: =IF((E12-'user input'!$C$2)<0,0,E12-'user input'!$C$2) -> 0 | G12: =IF(B12<'user input'!$C$5,0,(F12+G11)) -> 0 | H12: =G12/'user input'!$C$4 -> 0
A13: 40189 | B13: 11 | C13: =IF('weather data'!C13>'user input'!$C$3,'user input'!$C$3,'weather data'!C13) -> -8.3333333 | D13: =IF('weather data'!D13<'user input'!$C$2,'user input'!$C$2,'weather data'!D13) -> 10 | E13: =(C13+D13)/2 -> 0.83333333 | F13: =IF((E13-'user input'!$C$2)<0,0,E13-'user input'!$C$2) -> 0 | G13: =IF(B13<'user input'!$C$5,0,(F13+G12)) -> 0 | H13: =G13/'user input'!$C$4 -> 0
A14: 40190 | B14: 12 | C14: =IF('weather data'!C14>'user input'!$C$3,'user input'!$C$3,'weather data'!C14) -> -3.3333333 | D14: =IF('weather data'!D14<'user input'!$C$2,'user input'!$C$2,'weather data'!D14) -> 10 | E14: =(C14+D14)/2 -> 3.3333333 | F14: =IF((E14-'user input'!$C$2)<0,0,E14-'user input'!$C$2) -> 0 | G14: =IF(B14<'user input'!$C$5,0,(F14+G13)) -> 0 | H14: =G14/'user input'!$C$4 -> 0
... A2436: 42612 | B2436: 244 | C2436: =IF('weather data'!C2436>'user input'!$C$3,'user input'!$C$3,'weather data'!C2436) -> 28.333333 | D2436: =IF('weather data'!D2436<'user input'!$C$2,'user input'!$C$2,'weather data'!D2436) -> 20 | E2436: =(C2436+D2436)/2 -> 24.166667 | F2436: =IF((E2436-'user input'!$C$2)<0,0,E2436-'user input'!$C$2) -> 14.166667 | G2436: =IF(B2436<'user input'!$C$5,0,(F2436+G2435)) -> 1210.2778 | H2436: =G2436/'user input'!$C$4 -> 1.0085648

Sheet LAI
A2: year | B2: jday | C2: frPHU | D2: frLAImx | E2: ΔLAI | F2: LAI
A3: 40179 | B3: 1 | C3: =IF('heat units'!H3>1,1,'heat units'!H3) -> 0 | D3: 0 | E3: 0 | F3: 0
A4: 40180 | B4: 2 | C4: =IF(B4>'user input'!$C$6,0,IF('heat units'!H4>1,1,'heat units'!H4)) -> 0 | D4: =IF(B4>'user input'!$C$6,0,(C4/(C4+EXP('user input'!$C$15-'user input'!$C$14*C4)))) -> 0 | E4: =IF(C4<'user input'!$C$12,(D4-D3)*'user input'!$C$17*(1-EXP(5*(F3-'user input'!$C$17))),F4-F3) -> 0 | F4: =IF(C4<'user input'!$C$12,IF(B4>'user input'!$C$6,0,F3+E4),'user input'!$C$17*((1-C4)/(1-'user input'!$C$12))) -> 0
A5: 40181 | B5: 3 | C5: =IF(B5>'user input'!$C$6,0,IF('heat units'!H5>1,1,'heat units'!H5)) -> 0 | D5: =IF(B5>'user input'!$C$6,0,(C5/(C5+EXP('user input'!$C$15-'user input'!$C$14*C5)))) -> 0 | E5: =IF(C5<'user input'!$C$12,(D5-D4)*'user input'!$C$17*(1-EXP(5*(F4-'user input'!$C$17))),F5-F4) -> 0 | F5: =IF(C5<'user input'!$C$12,IF(B5>'user input'!$C$6,0,F4+E5),'user input'!$C$17*((1-C5)/(1-'user input'!$C$12))) -> 0
A6: 40182 | B6: 4 | C6: =IF(B6>'user input'!$C$6,0,IF('heat units'!H6>1,1,'heat units'!H6)) -> 0 | D6: =IF(B6>'user input'!$C$6,0,(C6/(C6+EXP('user input'!$C$15-'user input'!$C$14*C6)))) -> 0 | E6: =IF(C6<'user input'!$C$12,(D6-D5)*'user input'!$C$17*(1-EXP(5*(F5-'user input'!$C$17))),F6-F5) -> 0 | F6: =IF(C6<'user input'!$C$12,IF(B6>'user input'!$C$6,0,F5+E6),'user input'!$C$17*((1-C6)/(1-'user input'!$C$12))) -> 0
A7: 40183 | B7: 5 | C7: =IF(B7>'user input'!$C$6,0,IF('heat units'!H7>1,1,'heat units'!H7)) -> 0 | D7: =IF(B7>'user input'!$C$6,0,(C7/(C7+EXP('user input'!$C$15-'user input'!$C$14*C7)))) -> 0 | E7: =IF(C7<'user input'!$C$12,(D7-D6)*'user input'!$C$17*(1-EXP(5*(F6-'user input'!$C$17))),F7-F6) -> 0 | F7: =IF(C7<'user input'!$C$12,IF(B7>'user input'!$C$6,0,F6+E7),'user input'!$C$17*((1-C7)/(1-'user input'!$C$12))) -> 0
A8: 40184 | B8: 6 | C8: =IF(B8>'user input'!$C$6,0,IF('heat units'!H8>1,1,'heat units'!H8)) -> 0 | D8: =IF(B8>'user input'!$C$6,0,(C8/(C8+EXP('user input'!$C$15-'user input'!$C$14*C8)))) -> 0 | E8: =IF(C8<'user input'!$C$12,(D8-D7)*'user input'!$C$17*(1-EXP(5*(F7-'user input'!$C$17))),F8-F7) -> 0 | F8: =IF(C8<'user input'!$C$12,IF(B8>'user input'!$C$6,0,F7+E8),'user input'!$C$17*((1-C8)/(1-'user input'!$C$12))) -> 0
A9: 40185 | B9: 7 | C9: =IF(B9>'user input'!$C$6,0,IF('heat units'!H9>1,1,'heat units'!H9)) -> 0 | D9: =IF(B9>'user input'!$C$6,0,(C9/(C9+EXP('user input'!$C$15-'user input'!$C$14*C9)))) -> 0 | E9: =IF(C9<'user input'!$C$12,(D9-D8)*'user input'!$C$17*(1-EXP(5*(F8-'user input'!$C$17))),F9-F8) -> 0 | F9: =IF(C9<'user input'!$C$12,IF(B9>'user input'!$C$6,0,F8+E9),'user input'!$C$17*((1-C9)/(1-'user input'!$C$12))) -> 0
A10: 40186 | B10: 8 | C10: =IF(B10>'user input'!$C$6,0,IF('heat units'!H10>1,1,'heat units'!H10)) -> 0 | D10: =IF(B10>'user input'!$C$6,0,(C10/(C10+EXP('user input'!$C$15-'user input'!$C$14*C10)))) -> 0 | E10: =IF(C10<'user input'!$C$12,(D10-D9)*'user input'!$C$17*(1-EXP(5*(F9-'user input'!$C$17))),F10-F9) -> 0 | F10: =IF(C10<'user input'!$C$12,IF(B10>'user input'!$C$6,0,F9+E10),'user input'!$C$17*((1-C10)/(1-'user input'!$C$12))) -> 0
A11: 40187 | B11: 9 | C11: =IF(B11>'user input'!$C$6,0,IF('heat units'!H11>1,1,'heat units'!H11)) -> 0 | D11: =IF(B11>'user input'!$C$6,0,(C11/(C11+EXP('user input'!$C$15-'user input'!$C$14*C11)))) -> 0 | E11: =IF(C11<'user input'!$C$12,(D11-D10)*'user input'!$C$17*(1-EXP(5*(F10-'user input'!$C$17))),F11-F10) -> 0 | F11: =IF(C11<'user input'!$C$12,IF(B11>'user input'!$C$6,0,F10+E11),'user input'!$C$17*((1-C11)/(1-'user input'!$C$12))) -> 0
A12: 40188 | B12: 10 | C12: =IF(B12>'user input'!$C$6,0,IF('heat units'!H12>1,1,'heat units'!H12)) -> 0 | D12: =IF(B12>'user input'!$C$6,0,(C12/(C12+EXP('user input'!$C$15-'user input'!$C$14*C12)))) -> 0 | E12: =IF(C12<'user input'!$C$12,(D12-D11)*'user input'!$C$17*(1-EXP(5*(F11-'user input'!$C$17))),F12-F11) -> 0 | F12: =IF(C12<'user input'!$C$12,IF(B12>'user input'!$C$6,0,F11+E12),'user input'!$C$17*((1-C12)/(1-'user input'!$C$12))) -> 0
A13: 40189 | B13: 11 | C13: =IF(B13>'user input'!$C$6,0,IF('heat units'!H13>1,1,'heat units'!H13)) -> 0 | D13: =IF(B13>'user input'!$C$6,0,(C13/(C13+EXP('user input'!$C$15-'user input'!$C$14*C13)))) -> 0 | E13: =IF(C13<'user input'!$C$12,(D13-D12)*'user input'!$C$17*(1-EXP(5*(F12-'user input'!$C$17))),F13-F12) -> 0 | F13: =IF(C13<'user input'!$C$12,IF(B13>'user input'!$C$6,0,F12+E13),'user input'!$C$17*((1-C13)/(1-'user input'!$C$12))) -> 0
A14: 40190 | B14: 12 | C14: =IF(B14>'user input'!$C$6,0,IF('heat units'!H14>1,1,'heat units'!H14)) -> 0 | D14: =IF(B14>'user input'!$C$6,0,(C14/(C14+EXP('user input'!$C$15-'user input'!$C$14*C14)))) -> 0 | E14: =IF(C14<'user input'!$C$12,(D14-D13)*'user input'!$C$17*(1-EXP(5*(F13-'user input'!$C$17))),F14-F13) -> 0 | F14: =IF(C14<'user input'!$C$12,IF(B14>'user input'!$C$6,0,F13+E14),'user input'!$C$17*((1-C14)/(1-'user input'!$C$12))) -> 0
A15: 40191 | B15: 13 | C15: =IF(B15>'user input'!$C$6,0,IF('heat units'!H15>1,1,'heat units'!H15)) -> 0 | D15: =IF(B15>'user input'!$C$6,0,(C15/(C15+EXP('user input'!$C$15-'user input'!$C$14*C15)))) -> 0 | E15: =IF(C15<'user input'!$C$12,(D15-D14)*'user input'!$C$17*(1-EXP(5*(F14-'user input'!$C$17))),F15-F14) -> 0 | F15: =IF(C15<'user input'!$C$12,IF(B15>'user input'!$C$6,0,F14+E15),'user input'!$C$17*((1-C15)/(1-'user input'!$C$12))) -> 0
... A2436: 42612 | B2436: 244 | C2436: =IF(B2436>'user input'!$C$6,0,IF('heat units'!H2436>1,1,'heat units'!H2436)) -> 1 | D2436: =IF(B2436>'user input'!$C$6,0,(C2436/(C2436+EXP('user input'!$C$15-'user input'!$C$14*C2436)))) -> 0.99996737 | E2436: =IF(C2436<'user input'!$C$12,(D2436-D2435)*'user input'!$C$17*(1-EXP(5*(F2435-'user input'!$C$17))),F2436-F2435) -> -0.097222222 | F2436: =IF(C2436<'user input'!$C$12,IF(B2436>'user input'!$C$6,0,F2435+E2436),'user input'!$C$17*((1-C2436)/(1-'user input'!$C$12))) -> 0

Sheet max biomass
C1: Hday | F1: kg/ha
A2: year | B2: jday | C2: mj/m2 | D2: LAI | E2: Hphosyn | F2: Δbiomax
A3: 40179 | B3: 1 | C3: ='weather data'!E3 -> 4.9911111 | D3: =LAI!F3 -> 0 | E3: =0.5*C3*(1-EXP(-'user input'!$C$19*D3)) -> 0 | F3: =E3*'user input'!$C$21 -> 0
A4: 40180 | B4: 2 | C4: ='weather data'!E4 -> 5.0022222 | D4: =LAI!F4 -> 0 | E4: =0.5*C4*(1-EXP(-'user input'!$C$19*D4)) -> 0 | F4: =E4*'user input'!$C$21 -> 0
A5: 40181 | B5: 3 | C5: ='weather data'!E5 -> 5.4333333 | D5: =LAI!F5 -> 0 | E5: =0.5*C5*(1-EXP(-'user input'!$C$19*D5)) -> 0 | F5: =E5*'user input'!$C$21 -> 0
A6: 40182 | B6: 4 | C6: ='weather data'!E6 -> 5.86 | D6: =LAI!F6 -> 0 | E6: =0.5*C6*(1-EXP(-'user input'!$C$19*D6)) -> 0 | F6: =E6*'user input'!$C$21 -> 0
A7: 40183 | B7: 5 | C7: ='weather data'!E7 -> 5.8844444 | D7: =LAI!F7 -> 0 | E7: =0.5*C7*(1-EXP(-'user input'!$C$19*D7)) -> 0 | F7: =E7*'user input'!$C$21 -> 0
A8: 40184 | B8: 6 | C8: ='weather data'!E8 -> 5.9622222 | D8: =LAI!F8 -> 0 | E8: =0.5*C8*(1-EXP(-'user input'!$C$19*D8)) -> 0 | F8: =E8*'user input'!$C$21 -> 0
A9: 40185 | B9: 7 | C9: ='weather data'!E9 -> 6.1066667 | D9: =LAI!F9 -> 0 | E9: =0.5*C9*(1-EXP(-'user input'!$C$19*D9)) -> 0 | F9: =E9*'user input'!$C$21 -> 0
A10: 40186 | B10: 8 | C10: ='weather data'!E10 -> 6.2755556 | D10: =LAI!F10 -> 0 | E10: =0.5*C10*(1-EXP(-'user input'!$C$19*D10)) -> 0 | F10: =E10*'user input'!$C$21 -> 0
A11: 40187 | B11: 9 | C11: ='weather data'!E11 -> 6.2377778 | D11: =LAI!F11 -> 0 | E11: =0.5*C11*(1-EXP(-'user input'!$C$19*D11)) -> 0 | F11: =E11*'user input'!$C$21 -> 0
A12: 40188 | B12: 10 | C12: ='weather data'!E12 -> 6.6755556 | D12: =LAI!F12 -> 0 | E12: =0.5*C12*(1-EXP(-'user input'!$C$19*D12)) -> 0 | F12: =E12*'user input'!$C$21 -> 0
A13: 40189 | B13: 11 | C13: ='weather data'!E13 -> 5.9155556 | D13: =LAI!F13 -> 0 | E13: =0.5*C13*(1-EXP(-'user input'!$C$19*D13)) -> 0 | F13: =E13*'user input'!$C$21 -> 0
A14: 40190 | B14: 12 | C14: ='weather data'!E14 -> 5.7666667 | D14: =LAI!F14 -> 0 | E14: =0.5*C14*(1-EXP(-'user input'!$C$19*D14)) -> 0 | F14: =E14*'user input'!$C$21 -> 0
... A2436: 42612 | B2436: 244 | C2436: ='weather data'!E2436 -> 18.124444 | D2436: =LAI!F2436 -> 0 | E2436: =0.5*C2436*(1-EXP(-'user input'!$C$19*D2436)) -> 0 | F2436: =E2436*'user input'!$C$21 -> 0
